{
  "build": {
    "beforeDevCommand": "pnpm dev",
    "beforeBuildCommand": "pnpm build",
    "devPath": "http://localhost:1420",
    "distDir": "../dist",
    "withGlobalTauri": true
  },
  "package": {
    "productName": "Wealthfolio",
    "version": "1.0.9"
  },
  "tauri": {
    "allowlist": {
      "all": false,
      "dialog": {
        "open": true
      },
      "fs": {
        "all": true,
        "scope": [
          "$APPDATA/**"
        ]
      },
      "path": {
        "all": true
      },
      "shell": {
        "all": false,
        "open": true
      },
      "window": {
        "startDragging": true
      }
    },
    "bundle": {
      "active": true,
      "targets": "all",
      "identifier": "com.teymz.wealthfolio",
      "icon": [
        "icons/32x32.png",
        "icons/128x128.png",
        "icons/128x128@2x.png",
        "icons/icon.icns",
        "icons/icon.ico"
      ]
    },
    "security": {
      "csp": null
    },
    "windows": [
      {
        "fullscreen": false,
        "resizable": true,
        "theme": "Light",
        "titleBarStyle": "Overlay",
        "hiddenTitle": true,
        "title": "Wealthfolio",
        "width": 1366,
        "height": 960
      }
    ],
    "updater": {
      "active": true,
      "endpoints": [
        "https://wealthfolio.app/releases/{{target}}/{{arch}}/{{current_version}}"
      ],
      "dialog": true,
      "pubkey": "dW50cnVzdGVkIGNvbW1lbnQ6IG1pbmlzaWduIHB1YmxpYyBrZXk6IDY0RjI4MkRFOUYwRDM3N0QKUldSOU53MmYzb0x5WlBySmErU21wcjVHZFNtMW9zdGcyZTBBRWpVcHRDMkoyKzF1bkQ1VmdKbkYK",
      "windows": {
        "installMode": "passive"
      }
    }
  }
}